test_name,operation,input_file,status,confidence,findings
"arw_face_detection","face-detection","test_files_camera_raw/sony_a55.arw","CORRECT","1.0","The image is a landscape view with no visible faces. The output of the face-detection operation is an empty list, which is correct as there are no faces present in the image."
"arw_object_detection","object-detection","test_files_camera_raw/sony_a55.arw","CORRECT","0.95","The output correctly identifies two boats in the image. The bounding boxes are accurately placed around the boats visible on the river."
"arw_ocr","ocr","test_files_camera_raw/sony_a55.arw","CORRECT","1.0","The image does not contain any text, so the OCR output of an empty list is correct."
"arw_pose_estimation","pose-estimation","test_files_camera_raw/sony_a55.arw","CORRECT","1.0","The image does not contain any visible human bodies, so the empty output for pose-estimation is correct."
"arw_emotion_detection","emotion-detection","test_files_camera_raw/sony_a55.arw","CORRECT","1.0","No faces detected in image. Emotion detection correctly returns error for images without faces."
"cr2_face_detection","face-detection","test_files_camera_raw/canon_eos_m.cr2","CORRECT","1.0","The image contains a cat partially covered by a blanket. The face-detection operation output is an empty list, which is correct as there are no human faces present in the image."
"cr2_object_detection","object-detection","test_files_camera_raw/canon_eos_m.cr2","SUSPICIOUS","0.7","The object detection correctly identified a cat partially visible under a blanket. However, the detection of a 'bed' is incorrect as the image shows a couch with a blanket, not a bed."
"cr2_ocr","ocr","test_files_camera_raw/canon_eos_m.cr2","CORRECT","1.0","The image does not contain any text, so the OCR output of an empty list is correct."
"nef_face_detection","face-detection","test_files_camera_raw/nikon_z7.nef","CORRECT","1.0","The image contains a landscape with a building and no visible faces. The output of the face-detection operation, which is an empty list, is correct as there are no faces present in the image."
"nef_object_detection","object-detection","test_files_camera_raw/nikon_z7.nef","CORRECT","1.0","The image contains a building and a landscape with no detectable objects such as people, animals, or vehicles. The output of the object-detection operation is an empty list, which is appropriate given the content of the image."
"nef_ocr","ocr","test_files_camera_raw/nikon_z7.nef","CORRECT","1.0","The image does not contain any text, so the OCR output of an empty array is correct."
"raf_face_detection","face-detection","test_files_camera_raw/fuji_xa3.raf","CORRECT","1.0","The image does not contain any human faces. The output of the face-detection operation, which is an empty list, is correct."
"raf_object_detection","object-detection","test_files_camera_raw/fuji_xa3.raf","INCORRECT","0.2","The image does not contain any boats or benches. The object detection output incorrectly labels objects that are not present in the image."
"dng_face_detection","face-detection","test_files_camera_raw/iphone7_plus.dng","CORRECT","1.0","The image is an aerial view of a landscape with no visible human faces. The face-detection output is an empty list, which is correct as there are no faces present in the image."
"dng_object_detection","object-detection","test_files_camera_raw/iphone7_plus.dng","CORRECT","1.0","The image is an aerial view of a landscape with clouds, fields, and buildings. There are no distinct objects that typically require detection, such as animals, vehicles, or people."
"mp4_face_detection","keyframes;face-detection","test_edge_cases/video_hevc_h265_modern_codec__compatibility.mp4","CORRECT","1.0","The image is a screenshot of a digital interface with no visible human faces. The face-detection output of an empty list is correct as there are no faces present."
"mp4_object_detection","keyframes;object-detection","test_edge_cases/video_hevc_h265_modern_codec__compatibility.mp4","CORRECT","1.0","The output of the object-detection operation is an empty list, which is correct as there are no distinct objects to detect in the image. The image primarily consists of a user interface with text and icons."
"mp4_ocr","keyframes;ocr","test_edge_cases/video_hevc_h265_modern_codec__compatibility.mp4","INCORRECT","0.9","The image contains visible text such as 'Good evening, Kevin', 'Find anything...', 'What is the dual mode rollout timeline?', and more. The OCR output is empty, which does not match the visible text in the image."
"mp4_pose_estimation","keyframes;pose-estimation","test_edge_cases/video_hevc_h265_modern_codec__compatibility.mp4","CORRECT","1.0","The output of the pose-estimation operation is an empty list, which is correct as there are no human bodies visible in the image for keypoints to be placed on."
"mov_face_detection","keyframes;face-detection","test_edge_cases/video_no_audio_stream__error_test.mov","CORRECT","1.0","The image is a screenshot of a computer interface with no visible human faces. The face-detection output is an empty list, which is correct as there are no faces present in the image."
"mov_object_detection","keyframes;object-detection","test_edge_cases/video_no_audio_stream__error_test.mov","CORRECT","1.0","The output of the object-detection operation is an empty list, which is correct as there are no discernible objects in the image that would typically be detected by an object-detection model."
"mov_ocr","keyframes;ocr","test_edge_cases/video_no_audio_stream__error_test.mov","INCORRECT","0.95","The image contains visible text such as 'Good evening, Kevin', 'Find anything...', 'Activity', 'Recents', 'Stacks', and more. The OCR output is empty, which does not match the visible text in the image."
"mov_pose_estimation","keyframes;pose-estimation","test_edge_cases/video_no_audio_stream__error_test.mov","CORRECT","1.0","The image is a screenshot of a computer interface with no visible human figures. The output of the pose-estimation operation is an empty list, which is correct as there are no human bodies present in the image."
"webm_face_detection","keyframes;face-detection","test_edge_cases/video_single_frame_only__minimal.webm","CORRECT","1.0","The image is a screenshot of a computer interface with no visible human faces. The face-detection output of an empty list is accurate as there are no faces present."
"webm_object_detection","keyframes;object-detection","test_edge_cases/video_single_frame_only__minimal.webm","CORRECT","1.0","The image appears to be a screenshot of a web interface with no distinct objects that would typically be detected by an object-detection model. The output of an empty list is appropriate as there are no objects like animals, vehicles, or other common detectable items present."
"webm_ocr","keyframes;ocr","test_edge_cases/video_single_frame_only__minimal.webm","INCORRECT","1.0","The image contains visible text such as 'Good evening, Kevin', 'Find anything...', 'Activity', 'Recents', 'Stacks', and more. The OCR output is empty, which does not match the visible text in the image."
"avi_face_detection","keyframes;face-detection","test_edge_cases/format_test_avi.avi","CORRECT","1.0","The image is a color test pattern with no human faces present. The output of the face-detection operation is an empty list, which is correct as there are no faces to detect."
"avi_object_detection","keyframes;object-detection","test_edge_cases/format_test_avi.avi","CORRECT","1.0","The image appears to be a color test pattern with no discernible objects, faces, or text present. The output of an empty list is appropriate as there are no objects to detect."
"avi_ocr","keyframes;ocr","test_edge_cases/format_test_avi.avi","CORRECT","1.0","The image is a color test pattern with no text present. The OCR output is correctly empty as there is no text to detect."
"flv_face_detection","keyframes;face-detection","test_edge_cases/format_test_flv.flv","ERROR","0.0","Verification failed"
"flv_object_detection","keyframes;object-detection","test_edge_cases/format_test_flv.flv","CORRECT","1.0","The output of the object-detection operation is an empty list, which is correct as there are no detectable objects in the image. The image is a screenshot of a computer interface with text and icons, but no objects like animals or vehicles."
"heic_face_detection","face-detection","test_edge_cases/image_iphone_photo.heic","CORRECT","1.0","The image contains only abstract shapes and colors with no discernible faces present. The output of an empty list for face-detection is correct."
"heic_object_detection","object-detection","test_edge_cases/image_iphone_photo.heic","CORRECT","1.0","The image appears to be a test pattern with solid color bars and no discernible objects, faces, or text present."
"heic_ocr","ocr","test_edge_cases/image_iphone_photo.heic","CORRECT","1.0","The image contains only colored bars and shapes with no text present. The OCR output of an empty list is accurate."
"heic_pose_estimation","pose-estimation","test_edge_cases/image_iphone_photo.heic","CORRECT","1.0","The image is a color test pattern with no human figures present. The output of an empty list for pose-estimation is correct as there are no keypoints to detect."
"heic_emotion_detection","emotion-detection","test_edge_cases/image_iphone_photo.heic","CORRECT","1.0","No faces detected in image. Emotion detection correctly returns error for images without faces."
"jpg_face_detection_complex","face-detection","test_files_wikimedia/jpg/face-detection/09_Alexey_Akindinov._Boy_and_Crystal._1997.jpg","CORRECT","0.95","The image is a painting with abstract and complex patterns. There are no clear, realistic human faces visible in the image that would be detected by a face-detection algorithm."
"jpg_object_detection_complex","object-detection","test_files_wikimedia/jpg/object-detection/04_150229-ColourwithStorage-Scene1_output.jpg","CORRECT","0.95","The object detection output matches the objects in the image. Bottles, chairs, and tables are correctly identified. The bounding boxes are appropriately placed around the objects."
"png_face_detection_abstract","face-detection","test_files_wikimedia/png/face-detection/01_'Aside_4.'_-_small_abstract_painting_sketch_on_paper,_made_in_2016_in_watercolor_by_Dutch_artist_Fons_Heijnsbroek.png","CORRECT","1.0","The image is an abstract painting with no discernible human faces. The face-detection output correctly returned an empty list, indicating no faces were detected."
"png_object_detection_geometric","object-detection","test_files_wikimedia/png/object-detection/05_A_setiset_with_duplicated_piece.png","CORRECT","1.0","The image contains a set of geometric shapes arranged in a pattern. There are no distinct objects that typically require detection, such as animals, vehicles, or people. The output of an empty list is appropriate as there are no objects to detect."
"webp_emotion_detection","emotion-detection","test_files_wikimedia/webp/emotion-detection/01_webp_lossy.webp","CORRECT","1.0","No faces detected in image. Emotion detection correctly returns error for images without faces."
"webp_object_detection","object-detection","test_files_wikimedia/webp/object-detection/02_webp_lossy.webp","CORRECT","0.95","The primary bounding box accurately captures the person in the image, who is engaged in an activity involving water. The secondary bounding box, although with lower confidence, does not seem to correspond to any visible person or object, but given the low confidence, it is not a significant issue."
"bmp_face_detection","face-detection","test_files_image_formats_webp_bmp_psd_xcf_ico/01_bmp_24bit.bmp","CORRECT","1.0","The image is a test pattern with no human faces present. The output of the face-detection operation is an empty list, which is correct as there are no faces to detect."
"bmp_object_detection","object-detection","test_files_image_formats_webp_bmp_psd_xcf_ico/01_bmp_24bit.bmp","CORRECT","1.0","The image appears to be a color test pattern with no discernible objects, faces, or text present. The output of an empty list is appropriate as there are no objects to detect."
"avif_face_detection","face-detection","test_files_image_formats_webp_bmp_psd_xcf_ico/avif/04_test.avif","CORRECT","1.0","The image does not contain any human faces. The output of the face-detection operation, which is an empty list, is correct."
"avif_object_detection","object-detection","test_files_image_formats_webp_bmp_psd_xcf_ico/avif/04_test.avif","CORRECT","1.0","The image contains a circular object with hanging strips, likely an artistic installation or decoration. No recognizable objects such as animals, vehicles, or common items are present."
"wikimedia_jpg_art","face-detection","test_files_wikimedia/jpg/face-detection/01_"Amelia"_(Homage_to_Amelia_Earhart)_by_Mary_Curtis_Ratcliff.jpg","CORRECT","1.0","The image does not contain any human faces. The output of the face-detection operation, which is an empty list, is correct."
"wikimedia_jpg_dog","object-detection","test_files_wikimedia/jpg/object-detection/10_Black_dog_in_the_Himalayan_field.jpg","INCORRECT","0.9","The object detected as a 'bear' is actually a black dog. The bounding box is around the dog, but the classification is incorrect."
"wikimedia_jpg_text","ocr","test_files_wikimedia/jpg/ocr/01_"Amelia"_(Homage_to_Amelia_Earhart)_by_Mary_Curtis_Ratcliff.jpg","CORRECT","1.0","The image contains no text, so the OCR output of an empty array is correct."
"wikimedia_png_watercolor","face-detection","test_files_wikimedia/png/face-detection/01_'Aside_4.'_-_small_abstract_painting_sketch_on_paper,_made_in_2016_in_watercolor_by_Dutch_artist_Fons_Heijnsbroek.png","CORRECT","1.0","The image is an abstract painting with no discernible faces present. The face-detection output correctly returned an empty list as there are no faces to detect."
"wikimedia_png_puzzle","ocr","test_files_wikimedia/png/ocr/05_A_setiset_with_duplicated_piece.png","CORRECT","1.0","The image contains geometric shapes with no visible text. The OCR output is empty, which is correct as there is no text to detect."
"wikimedia_webp_landscape","ocr","test_files_wikimedia/webp/ocr/01_webp_lossy.webp","CORRECT","1.0","The image is a landscape with no visible text present. The OCR output of an empty list is correct as there is no text to detect."
"wikimedia_webp_water","object-detection","test_files_wikimedia/webp/object-detection/02_webp_lossy.webp","SUSPICIOUS","0.85","The first bounding box correctly identifies a person in the image, who is partially obscured by water. The second bounding box, however, does not appear to correspond to any visible person or object in the image."
"wikimedia_webp_fire","object-detection","test_files_wikimedia/webp/object-detection/05_webp_lossy.webp","SUSPICIOUS","0.7","The image contains multiple people, including a fire performer in the foreground. The bounding boxes detected do not accurately cover all visible people, and some boxes are placed in areas with no visible person."
"wikimedia_jpg_pose","pose-estimation","test_files_wikimedia/jpg/pose-estimation/01_"Amelia"_(Homage_to_Amelia_Earhart)_by_Mary_Curtis_Ratcliff.jpg","CORRECT","1.0","The image does not contain any human figures, so the empty output for pose-estimation is correct."
"wikimedia_png_pose","pose-estimation","test_files_wikimedia/png/pose-estimation/05_A_setiset_with_duplicated_piece.png","CORRECT","1.0","The image does not contain any human figures, so the empty output for pose-estimation is correct."
