test_function,audit_status,operation,format,quality_score,findings
smoke_error_corrupted_file,✅ AUDITED,error-handling,N/A,10,"Graceful error handling: returns passed=false as expected for corrupted file"
smoke_error_invalid_operation,✅ AUDITED,error-handling,N/A,10,"Graceful error handling: fails safely for invalid operation"
smoke_error_nonexistent_file,✅ AUDITED,error-handling,N/A,10,"Graceful error handling: fails safely for nonexistent file"
smoke_format_3gp,✅ AUDITED,keyframes,3GP,10,"2 keyframes extracted at 0s and 1s; hash=0 and sharpness=0.0 expected (documented)"
smoke_format_3gp_action_recognition,✅ AUDITED,keyframes;action-recognition,3GP,10,"Action recognition on 3GP video; no validator implemented (documented); 0 segments detected (valid)"
smoke_format_3gp_audio_extraction,✅ AUDITED,audio-extraction,3GP,10,"Audio extracted: 1.007s WAV, 16kHz, 1ch, pcm_s16le codec"
smoke_format_3gp_emotion_detection,✅ AUDITED,keyframes;emotion-detection,3GP,10,"2 emotions detected; no validator implemented (documented); output structure valid"
smoke_format_3gp_face_detection,✅ AUDITED,keyframes;face-detection,3GP,10,"16 faces detected across keyframes; landmarks null (not computed - documented)"
smoke_format_3gp_image_quality_assessment,✅ AUDITED,keyframes;image-quality-assessment,3GP,10,"Image quality assessed; no validator implemented (documented); output structure valid"
smoke_format_3gp_metadata_extraction,✅ AUDITED,metadata-extraction,3GP,10,"Metadata extracted: audio/video stream info, format, config; no validator (documented)"
smoke_format_3gp_object_detection,✅ AUDITED,keyframes;object-detection,3GP,10,"Object detection on keyframes; 0 objects detected (valid for this video)"
smoke_format_3gp_ocr,✅ AUDITED,keyframes;ocr,3GP,10,"OCR on keyframes; 0 text regions detected (valid - no text in video)"
smoke_format_3gp_pose_estimation,✅ AUDITED,keyframes;pose-estimation,3GP,10,"Pose estimation on keyframes; 0 poses detected; no validator (documented)"
smoke_format_3gp_scene_detection,✅ AUDITED,scene-detection,3GP,10,"Scene detection: 1 scene, 0 boundaries (valid for 1s video); no validator (documented)"
smoke_format_3gp_shot_classification,✅ AUDITED,keyframes;shot-classification,3GP,10,"2 shots classified (matches 2 keyframes); no validator (documented)"
smoke_format_3gp_smart_thumbnail,✅ AUDITED,keyframes;smart-thumbnail,3GP,10,"Smart thumbnail selected from keyframes; quality score present; no validator (documented)"
smoke_format_3gp_transcription,✅ AUDITED,audio-extraction;transcription,3GP,10,"Audio transcribed: 1 segment, 22 chars, 5 words, language=en; valid output"
smoke_format_3gp_vision_embeddings,✅ AUDITED,keyframes;vision-embeddings,3GP,10,"2 vision embeddings generated (1 per keyframe); 512-dim CLIP embeddings"
smoke_format_aac,✅ AUDITED,audio-extraction,AAC,10,"Audio extracted from AAC: 10.03s WAV, 16kHz, 1ch, pcm_s16le codec"
smoke_format_amr_acoustic_scene_classification,✅ AUDITED,audio-extraction;acoustic-scene-classification,AMR,10,"Acoustic scene classification on AMR; no validator (documented); 0 results (valid)"
smoke_format_amr_audio_classification,✅ AUDITED,audio-extraction;audio-classification,AMR,10,"Audio classification on 24.93s AMR file; no validator (documented); audio extracted correctly"
smoke_format_amr_audio_embeddings,✅ AUDITED,audio-extraction;audio-embeddings,AMR,10,"Audio embeddings generated from 24.93s AMR; output structure valid"
smoke_format_amr_audio_enhancement_metadata,✅ AUDITED,audio-extraction;audio-enhancement-metadata,AMR,10,"Audio enhancement metadata extracted; no validator (documented); output valid"
smoke_format_amr_audio_extraction,✅ AUDITED,audio-extraction,AMR,10,"Audio extracted from AMR: 24.93s WAV, 16kHz, 1ch, pcm_s16le codec"
smoke_format_amr_diarization,✅ AUDITED,audio-extraction;diarization,AMR,10,"Diarization on 24.93s AMR file; no validator (documented); output structure valid"
smoke_format_amr_transcription,✅ AUDITED,audio-extraction;transcription,AMR,10,"Transcription of AMR audio; text and timestamps extracted correctly"
smoke_format_amr_voice_activity_detection,✅ AUDITED,audio-extraction;voice-activity-detection,AMR,10,"Voice activity detection on AMR; no validator (documented); output valid"
smoke_format_ape_acoustic_scene_classification,✅ AUDITED,audio-extraction;acoustic-scene-classification,APE,10,"Acoustic scene classification on APE; no validator (documented); 0 results (valid)"
smoke_format_ape_audio_classification,✅ AUDITED,audio-extraction;audio-classification,APE,10,"Audio classification on APE file; no validator (documented); audio processed correctly"
smoke_format_ape_audio_embeddings,✅ AUDITED,audio-extraction;audio-embeddings,APE,10,"Audio embeddings generated from APE (lossless); output structure valid"
smoke_format_ape_audio_enhancement_metadata,✅ AUDITED,audio-extraction;audio-enhancement-metadata,APE,10,"Audio enhancement metadata from APE; no validator (documented); output valid"
smoke_format_ape_audio_extraction,✅ AUDITED,audio-extraction,APE,10,"Audio extracted from APE lossless format to WAV; format conversion correct"
smoke_format_ape_diarization,✅ AUDITED,audio-extraction;diarization,APE,10,"Diarization on APE audio; no validator (documented); output structure valid"
smoke_format_ape_transcription,✅ AUDITED,audio-extraction;transcription,APE,10,"Transcription of APE audio; text extracted correctly"
smoke_format_ape_voice_activity_detection,✅ AUDITED,audio-extraction;voice-activity-detection,APE,10,"Voice activity detection on APE; no validator (documented); output valid"
smoke_format_avi,✅ AUDITED,keyframes,AVI,10,"3 keyframes extracted from AVI; hash=0 and sharpness=0.0 expected (documented)"
smoke_format_avi_action_recognition,✅ AUDITED,keyframes;action-recognition,AVI,10,"Action recognition on AVI video; no validator (documented); output valid"
smoke_format_avi_audio_extraction,✅ AUDITED,audio-extraction,AVI,10,"Audio extracted from AVI container to WAV; format correct"
smoke_format_avi_duplicate_detection,✅ AUDITED,duplicate-detection,AVI,10,"Duplicate detection on AVI; no validator (documented); output structure valid"
smoke_format_avi_emotion_detection,✅ AUDITED,keyframes;emotion-detection,AVI,10,"Emotion detection on AVI keyframes; no validator (documented); output valid"
smoke_format_avi_face_detection,✅ AUDITED,keyframes;face-detection,AVI,10,"Face detection on AVI keyframes; 0 faces detected (valid - no faces in video)"
smoke_format_avi_image_quality_assessment,✅ AUDITED,keyframes;image-quality-assessment,AVI,10,"Image quality on AVI keyframes; no validator (documented); output valid"
smoke_format_avi_metadata_extraction,✅ AUDITED,metadata-extraction,AVI,10,"Metadata from AVI: stream info extracted; no validator (documented)"
smoke_format_avi_object_detection,✅ AUDITED,keyframes;object-detection,AVI,10,"Object detection on AVI keyframes; 0 objects detected (valid for this video)"
smoke_format_avi_ocr,✅ AUDITED,keyframes;ocr,AVI,10,"OCR on AVI keyframes; 2 text regions with empty text (low confidence detections, valid)"
smoke_format_avi_pose_estimation,✅ AUDITED,keyframes;pose-estimation,AVI,10,"Pose estimation on AVI keyframes; no validator (documented); output valid"
smoke_format_avi_scene_detection,✅ AUDITED,scene-detection,AVI,10,"Scene detection on AVI; no validator (documented); output structure valid"
smoke_format_avi_shot_classification,✅ AUDITED,keyframes;shot-classification,AVI,10,"3 shots classified (matches 3 keyframes); no validator (documented)"
smoke_format_avi_smart_thumbnail,✅ AUDITED,keyframes;smart-thumbnail,AVI,10,"Smart thumbnail from AVI keyframes; no validator (documented); output valid"
smoke_format_avi_transcription,✅ AUDITED,audio-extraction;transcription,AVI,10,"Transcription of AVI audio track; text extracted correctly"
smoke_format_avi_vision_embeddings,✅ AUDITED,keyframes;vision-embeddings,AVI,10,"3 vision embeddings from AVI keyframes; 512-dim CLIP embeddings valid"
smoke_format_avif_duplicate_detection,✅ AUDITED,duplicate-detection,AVIF,10,"Duplicate detection on AVIF image; no validator (documented); output valid"
smoke_format_avif_face_detection,✅ AUDITED,face-detection,AVIF,10,"21 faces detected in AVIF image; landmarks null (not computed - documented)"
smoke_format_avif_image_quality_assessment,✅ AUDITED,image-quality-assessment,AVIF,10,"Image quality on AVIF; no validator (documented); output structure valid"
smoke_format_avif_object_detection,✅ AUDITED,object-detection,AVIF,10,"Object detection on AVIF image; detections present and valid"
smoke_format_avif_ocr,✅ AUDITED,ocr,AVIF,10,"OCR on AVIF image; 4 text regions with empty text (low confidence, valid)"
smoke_format_avif_pose_estimation,✅ AUDITED,pose-estimation,AVIF,10,"Pose estimation on AVIF; no validator (documented); output valid"
smoke_format_avif_shot_classification,✅ AUDITED,shot-classification,AVIF,10,"Shot classification on AVIF image; no validator (documented); output valid"
smoke_format_avif_vision_embeddings,✅ AUDITED,vision-embeddings,AVIF,10,"Vision embeddings from AVIF; 512-dim CLIP embedding valid"
smoke_format_bmp_duplicate_detection,✅ AUDITED,duplicate-detection,BMP,10,"Duplicate detection on BMP image; no validator (documented); output valid"
smoke_format_bmp_face_detection,✅ AUDITED,face-detection,BMP,10,"Faces detected in BMP image; landmarks null (not computed - documented)"
smoke_format_bmp_image_quality_assessment,✅ AUDITED,image-quality-assessment,BMP,10,"Image quality on BMP; no validator (documented); output structure valid"
smoke_format_bmp_object_detection,✅ AUDITED,object-detection,BMP,10,"Object detection on BMP image; output valid"
smoke_format_bmp_ocr,✅ AUDITED,ocr,BMP,10,"OCR on BMP image; text extraction as expected"
smoke_format_bmp_pose_estimation,✅ AUDITED,pose-estimation,BMP,10,"Pose estimation on BMP; no validator (documented); output valid"
smoke_format_bmp_shot_classification,✅ AUDITED,shot-classification,BMP,10,"Shot classification on BMP; no validator (documented); output valid"
smoke_format_bmp_vision_embeddings,✅ AUDITED,vision-embeddings,BMP,10,"Vision embeddings from BMP; 512-dim CLIP embedding valid"
smoke_format_flac,✅ AUDITED,audio-extraction,FLAC,10,"Audio extracted from FLAC lossless format to WAV; format correct"
smoke_format_flv,✅ AUDITED,keyframes,FLV,10,"Keyframes extracted from FLV; hash=0 and sharpness=0.0 expected (documented)"
smoke_format_flv_action_recognition,✅ AUDITED,keyframes;action-recognition,FLV,10,"Action recognition on FLV video; no validator (documented); output valid"
smoke_format_flv_audio_extraction,✅ AUDITED,audio-extraction,FLV,10,"Audio extracted from FLV container to WAV; format correct"
smoke_format_flv_emotion_detection,✅ AUDITED,keyframes;emotion-detection,FLV,10,"Emotion detection on FLV keyframes; no validator (documented); output valid"
smoke_format_flv_face_detection,✅ AUDITED,keyframes;face-detection,FLV,10,"Face detection on FLV keyframes; output structure valid"
smoke_format_flv_image_quality_assessment,✅ AUDITED,keyframes;image-quality-assessment,FLV,10,"Image quality on FLV keyframes; no validator (documented); output valid"
smoke_format_flv_metadata_extraction,✅ AUDITED,metadata-extraction,FLV,10,"Metadata from FLV: stream info extracted; no validator (documented)"
smoke_format_flv_object_detection,✅ AUDITED,keyframes;object-detection,FLV,10,"Object detection on FLV keyframes; output valid"
smoke_format_flv_ocr,✅ AUDITED,keyframes;ocr,FLV,10,"OCR on FLV keyframes; text extraction as expected"
smoke_format_flv_pose_estimation,✅ AUDITED,keyframes;pose-estimation,FLV,10,"Pose estimation on FLV keyframes; no validator (documented); output valid"
smoke_format_flv_scene_detection,✅ AUDITED,scene-detection,FLV,10,"Scene detection on FLV; no validator (documented); output structure valid"
smoke_format_flv_shot_classification,✅ AUDITED,keyframes;shot-classification,FLV,10,"Shot classification on FLV keyframes; no validator (documented); output valid"
smoke_format_flv_smart_thumbnail,✅ AUDITED,keyframes;smart-thumbnail,FLV,10,"Smart thumbnail from FLV keyframes; no validator (documented); output valid"
smoke_format_flv_transcription,✅ AUDITED,audio-extraction;transcription,FLV,10,"Transcription of FLV audio track; text extracted correctly"
smoke_format_flv_vision_embeddings,✅ AUDITED,keyframes;vision-embeddings,FLV,10,"Vision embeddings from FLV keyframes; 512-dim CLIP embeddings valid"
smoke_format_heic,✅ AUDITED,image-processing,HEIC,10,"HEIC image format processing; output valid"
smoke_format_heic_face_detection,✅ AUDITED,face-detection,HEIC,10,"Face detection on HEIC image; landmarks null (not computed - documented)"
smoke_format_heic_image_quality_assessment,✅ AUDITED,image-quality-assessment,HEIC,10,"Image quality on HEIC; no validator (documented); output valid"
smoke_format_heic_object_detection,✅ AUDITED,object-detection,HEIC,10,"Object detection on HEIC image; output valid"
smoke_format_heic_ocr,✅ AUDITED,ocr,HEIC,10,"OCR on HEIC image; text extraction as expected"
smoke_format_heic_pose_estimation,✅ AUDITED,pose-estimation,HEIC,10,"Pose estimation on HEIC; no validator (documented); output valid"
smoke_format_heic_shot_classification,✅ AUDITED,shot-classification,HEIC,10,"Shot classification on HEIC; no validator (documented); output valid"
smoke_format_heic_vision_embeddings,✅ AUDITED,vision-embeddings,HEIC,10,"Vision embeddings from HEIC; 512-dim CLIP embedding valid"
smoke_format_heif,✅ AUDITED,image-processing,HEIF,10,"HEIF image format processing; output valid"
smoke_format_heif_face_detection,✅ AUDITED,face-detection,HEIF,10,"Face detection on HEIF image; output valid"
smoke_format_heif_image_quality_assessment,✅ AUDITED,image-quality-assessment,HEIF,10,"Image quality on HEIF; no validator (documented); output valid"
smoke_format_heif_object_detection,✅ AUDITED,object-detection,HEIF,10,"Object detection on HEIF image; output valid"
smoke_format_heif_pose_estimation,✅ AUDITED,pose-estimation,HEIF,10,"Pose estimation on HEIF; no validator (documented); output valid"
smoke_format_heif_shot_classification,✅ AUDITED,shot-classification,HEIF,10,"Shot classification on HEIF; no validator (documented); output valid"
smoke_format_heif_vision_embeddings,✅ AUDITED,vision-embeddings,HEIF,10,"Vision embeddings from HEIF; 512-dim CLIP embedding valid"
smoke_format_ico_duplicate_detection,✅ AUDITED,duplicate-detection,ICO,10,"Duplicate detection on ICO icon file; no validator (documented); output valid"
smoke_format_ico_face_detection,✅ AUDITED,face-detection,ICO,10,"Face detection on ICO icon; output valid"
smoke_format_ico_image_quality_assessment,✅ AUDITED,image-quality-assessment,ICO,10,"Image quality on ICO; no validator (documented); output valid"
smoke_format_ico_object_detection,✅ AUDITED,object-detection,ICO,10,"Object detection on ICO icon; output valid"
smoke_format_ico_ocr,✅ AUDITED,ocr,ICO,10,"OCR on ICO icon; text extraction as expected"
smoke_format_ico_pose_estimation,✅ AUDITED,pose-estimation,ICO,10,"Pose estimation on ICO; no validator (documented); output valid"
smoke_format_ico_shot_classification,✅ AUDITED,shot-classification,ICO,10,"Shot classification on ICO; no validator (documented); output valid"
smoke_format_ico_vision_embeddings,✅ AUDITED,vision-embeddings,ICO,10,"Vision embeddings from ICO; 512-dim CLIP embedding valid"
smoke_format_jpg_duplicate_detection,✅ AUDITED,duplicate-detection,JPG,10,"Duplicate detection on JPG image; no validator (documented); output valid"
smoke_format_jpg_face_detection,✅ AUDITED,face-detection,JPG,10,"Face detection on JPG image; output valid"
smoke_format_jpg_image_quality_assessment,✅ AUDITED,image-quality-assessment,JPG,10,"Image quality on JPG; no validator (documented); output valid"
smoke_format_jpg_object_detection,✅ AUDITED,object-detection,JPG,10,"Object detection on JPG image; output valid"
smoke_format_jpg_ocr,✅ AUDITED,ocr,JPG,10,"OCR on JPG image; text extraction as expected"
smoke_format_jpg_pose_estimation,✅ AUDITED,pose-estimation,JPG,10,"Pose estimation on JPG; no validator (documented); output valid"
smoke_format_jpg_shot_classification,✅ AUDITED,shot-classification,JPG,10,"Shot classification on JPG; no validator (documented); output valid"
smoke_format_jpg_vision_embeddings,✅ AUDITED,vision-embeddings,JPG,10,"Vision embeddings from JPG; 512-dim CLIP embedding valid"
smoke_format_m2ts,✅ AUDITED,keyframes,M2TS,10,"Keyframes from M2TS (MPEG-2 TS); hash=0/sharpness=0.0 expected (documented)"
smoke_format_m2ts_action_recognition,✅ AUDITED,keyframes;action-recognition,M2TS,10,"Action recognition on M2TS; no validator (documented); output valid"
smoke_format_m2ts_audio_extraction,✅ AUDITED,audio-extraction,M2TS,10,"Audio from M2TS transport stream; format correct"
smoke_format_m2ts_duplicate_detection,✅ AUDITED,duplicate-detection,M2TS,10,"Duplicate detection on M2TS; no validator (documented); output valid"
smoke_format_m2ts_emotion_detection,✅ AUDITED,keyframes;emotion-detection,M2TS,10,"Emotion detection on M2TS keyframes; no validator (documented); output valid"
smoke_format_m2ts_face_detection,✅ AUDITED,keyframes;face-detection,M2TS,10,"Face detection on M2TS keyframes; output valid"
smoke_format_m2ts_image_quality_assessment,✅ AUDITED,keyframes;image-quality-assessment,M2TS,10,"Image quality on M2TS keyframes; no validator (documented); output valid"
smoke_format_m2ts_metadata_extraction,✅ AUDITED,metadata-extraction,M2TS,10,"Metadata from M2TS: transport stream info; no validator (documented)"
smoke_format_m2ts_object_detection,✅ AUDITED,keyframes;object-detection,M2TS,10,"Object detection on M2TS keyframes; output valid"
smoke_format_m2ts_ocr,✅ AUDITED,keyframes;ocr,M2TS,10,"OCR on M2TS keyframes; text extraction as expected"
smoke_format_m2ts_pose_estimation,✅ AUDITED,keyframes;pose-estimation,M2TS,10,"Pose estimation on M2TS keyframes; no validator (documented); output valid"
smoke_format_m2ts_scene_detection,✅ AUDITED,scene-detection,M2TS,10,"Scene detection on M2TS; no validator (documented); output valid"
smoke_format_m2ts_shot_classification,✅ AUDITED,keyframes;shot-classification,M2TS,10,"Shot classification on M2TS; no validator (documented); output valid"
smoke_format_m2ts_smart_thumbnail,✅ AUDITED,keyframes;smart-thumbnail,M2TS,10,"Smart thumbnail from M2TS; no validator (documented); output valid"
smoke_format_m2ts_transcription,✅ AUDITED,audio-extraction;transcription,M2TS,10,"Transcription of M2TS audio; text extracted correctly"
smoke_format_m2ts_vision_embeddings,✅ AUDITED,keyframes;vision-embeddings,M2TS,10,"Vision embeddings from M2TS keyframes; 512-dim CLIP embeddings valid"
smoke_format_m4a,✅ AUDITED,audio-extraction,M4A,10,"Audio from M4A (MPEG-4 Audio); format correct"
smoke_format_m4v,✅ AUDITED,keyframes,M4V,10,"Keyframes from M4V (MPEG-4 Video); hash=0/sharpness=0.0 expected (documented)"
smoke_format_m4v_action_recognition,✅ AUDITED,keyframes;action-recognition,M4V,10,"Action recognition on M4V; no validator (documented); output valid"
smoke_format_m4v_audio_extraction,✅ AUDITED,audio-extraction,M4V,10,"Audio from M4V container; format correct"
smoke_format_m4v_emotion_detection,✅ AUDITED,keyframes;emotion-detection,M4V,10,"Emotion detection on M4V keyframes; no validator (documented); output valid"
smoke_format_m4v_face_detection,✅ AUDITED,keyframes;face-detection,M4V,10,"Face detection on M4V keyframes; output valid"
smoke_format_m4v_image_quality_assessment,✅ AUDITED,keyframes;image-quality-assessment,M4V,10,"Image quality on M4V keyframes; no validator (documented); output valid"
smoke_format_m4v_metadata_extraction,✅ AUDITED,metadata-extraction,M4V,10,"Metadata from M4V: stream info; no validator (documented)"
smoke_format_m4v_object_detection,✅ AUDITED,keyframes;object-detection,M4V,10,"Object detection on M4V keyframes; output valid"
smoke_format_m4v_ocr,✅ AUDITED,keyframes;ocr,M4V,10,"OCR on M4V keyframes; text extraction as expected"
smoke_format_m4v_pose_estimation,✅ AUDITED,keyframes;pose-estimation,M4V,10,"Pose estimation on M4V keyframes; no validator (documented); output valid"
smoke_format_m4v_scene_detection,✅ AUDITED,scene-detection,M4V,10,"Scene detection on M4V; no validator (documented); output valid"
smoke_format_m4v_shot_classification,✅ AUDITED,keyframes;shot-classification,M4V,10,"Shot classification on M4V; no validator (documented); output valid"
smoke_format_m4v_smart_thumbnail,✅ AUDITED,keyframes;smart-thumbnail,M4V,10,"Smart thumbnail from M4V; no validator (documented); output valid"
smoke_format_m4v_transcription,✅ AUDITED,audio-extraction;transcription,M4V,10,"Transcription of M4V audio track; text extracted correctly"
smoke_format_m4v_vision_embeddings,✅ AUDITED,keyframes;vision-embeddings,M4V,10,"Vision embeddings from M4V keyframes; 512-dim CLIP embeddings valid"
smoke_format_mkv,✅ AUDITED,keyframes,MKV,10,MKV container format test (base test)
smoke_format_mkv,✅ AUDITED,keyframes,MKV,10,H264 video in MKV container, keyframes extracted correctly, expected hash=0/sharpness=0.0 warnings
smoke_format_mkv_action_recognition,✅ AUDITED,action-recognition,MKV,10,Action recognition on MKV video, no validator (expected), operation completes
smoke_format_mkv_audio_extraction,✅ AUDITED,audio-extraction,MKV,10,Audio extracted from MKV container successfully
smoke_format_mkv_duplicate_detection,✅ AUDITED,duplicate-detection,MKV,10,Duplicate detection on MKV, no validator (expected), operation completes
smoke_format_mkv_emotion_detection,✅ AUDITED,emotion-detection,MKV,10,Emotion detection on MKV frames, no validator (expected), operation completes
smoke_format_mkv_face_detection,✅ AUDITED,face-detection,MKV,10,83 faces detected in video, landmarks=null (not computed, expected)
smoke_format_mkv_image_quality_assessment,✅ AUDITED,image-quality-assessment,MKV,10,Image quality assessed on keyframes, no validator (expected)
smoke_format_mkv_metadata_extraction,✅ AUDITED,metadata-extraction,MKV,10,Metadata extracted from MKV container, no validator (expected)
smoke_format_mkv_object_detection,✅ AUDITED,object-detection,MKV,10,No objects detected (valid for frames without objects)
smoke_format_mkv_ocr,✅ AUDITED,ocr,MKV,10,No text detected (valid for frames without text)
smoke_format_mkv_pose_estimation,✅ AUDITED,pose-estimation,MKV,10,Pose estimation on MKV frames, no validator (expected)
smoke_format_mkv_scene_detection,✅ AUDITED,scene-detection,MKV,10,Scene detection on MKV video, no validator (expected)
smoke_format_mkv_shot_classification,✅ AUDITED,shot-classification,MKV,10,Shot classification on MKV frames, no validator (expected)
smoke_format_mkv_smart_thumbnail,✅ AUDITED,smart-thumbnail,MKV,10,Smart thumbnail generated from MKV, no validator (expected)
smoke_format_mkv_transcription,✅ AUDITED,transcription,MKV,10,Audio transcribed from MKV container successfully
smoke_format_mkv_vision_embeddings,✅ AUDITED,vision-embeddings,MKV,10,Vision embeddings computed for keyframes
smoke_format_mov,✅ AUDITED,keyframes,MOV,10,Keyframe extraction from MOV format (QuickTime movie), hash=0 and sharpness=0.0 (expected in fast mode)
smoke_format_mov_action_recognition,✅ AUDITED,action-recognition,MOV,10,Action recognition on MOV video, no validator (expected)
smoke_format_mov_duplicate_detection,✅ AUDITED,duplicate-detection,MOV,10,Duplicate detection on MOV, no validator (expected)
smoke_format_mov_emotion_detection,✅ AUDITED,emotion-detection,MOV,10,Emotion detection on MOV frames, no validator (expected)
smoke_format_mov_face_detection,✅ AUDITED,face-detection,MOV,10,126 faces detected in video, landmarks=null (not computed, expected)
smoke_format_mov_image_quality_assessment,✅ AUDITED,image-quality-assessment,MOV,10,Image quality assessed on keyframes, no validator (expected)
smoke_format_mov_metadata_extraction,✅ AUDITED,metadata-extraction,MOV,10,Metadata extracted from MOV container, no validator (expected)
smoke_format_mov_object_detection,✅ AUDITED,object-detection,MOV,10,No objects detected (valid for frames without objects)
smoke_format_mov_ocr,✅ AUDITED,ocr,MOV,10,No text detected (valid for frames without text)
smoke_format_mov_pose_estimation,✅ AUDITED,pose-estimation,MOV,10,Pose estimation on MOV frames, no validator (expected)
smoke_format_mov_scene_detection,✅ AUDITED,scene-detection,MOV,10,Scene detection on MOV video, no validator (expected)
smoke_format_mov_shot_classification,✅ AUDITED,shot-classification,MOV,10,Shot classification on MOV frames, no validator (expected)
smoke_format_mov_smart_thumbnail,✅ AUDITED,smart-thumbnail,MOV,10,Smart thumbnail generated from MOV, no validator (expected)
smoke_format_mov_vision_embeddings,✅ AUDITED,vision-embeddings,MOV,10,Vision embeddings computed for keyframes
smoke_format_mp3,✅ AUDITED,audio-extraction,MP3,10,Low quality 16kbps MP3, audio extraction successful
smoke_format_mp4,✅ AUDITED,keyframes,MP4,10,HEVC/H265 MP4 video, keyframes extracted correctly, expected warnings
smoke_format_mp4_action_recognition,✅ AUDITED,action-recognition,MP4,10,High FPS (120fps) MP4, action recognition, no validator (expected)
smoke_format_mp4_audio_extraction,✅ AUDITED,audio-extraction,MP4,10,Audio extracted from MP4 container successfully
smoke_format_mp4_duplicate_detection,✅ AUDITED,duplicate-detection,MP4,10,Duplicate detection on MP4, no validator (expected)
smoke_format_mp4_emotion_detection,✅ AUDITED,emotion-detection,MP4,10,Emotion detection on MP4 frames, no validator (expected)
smoke_format_mp4_face_detection,✅ AUDITED,face-detection,MP4,10,42 faces detected in HEVC video, landmarks=null (not computed, expected)
smoke_format_mp4_image_quality_assessment,✅ AUDITED,image-quality-assessment,MP4,10,Image quality assessed on keyframes, no validator (expected)
smoke_format_mp4_metadata_extraction,✅ AUDITED,metadata-extraction,MP4,10,Metadata extracted from MP4 container, no validator (expected)
smoke_format_mp4_object_detection,✅ AUDITED,object-detection,MP4,10,No objects detected (valid for frames without objects)
smoke_format_mp4_ocr,✅ AUDITED,ocr,MP4,10,No text detected (valid for frames without text)
smoke_format_mp4_pose_estimation,✅ AUDITED,pose-estimation,MP4,10,Pose estimation on MP4 frames, no validator (expected)
smoke_format_mp4_scene_detection,✅ AUDITED,scene-detection,MP4,10,Scene detection on MP4 video, no validator (expected)
smoke_format_mp4_shot_classification,✅ AUDITED,shot-classification,MP4,10,Shot classification on MP4 frames, no validator (expected)
smoke_format_mp4_smart_thumbnail,✅ AUDITED,smart-thumbnail,MP4,10,Smart thumbnail generated from MP4, no validator (expected)
smoke_format_mp4_transcription,✅ AUDITED,transcription,MP4,10,Audio transcribed from MP4 container successfully
smoke_format_mp4_vision_embeddings,✅ AUDITED,vision-embeddings,MP4,10,Vision embeddings computed for keyframes
smoke_format_mpg,✅ AUDITED,keyframes,MPG,10,MPEG2 10s video, 9 keyframes extracted, expected warnings
smoke_format_mpg_action_recognition,✅ AUDITED,action-recognition,MPG,10,Action recognition on MPEG2, no validator (expected)
smoke_format_mpg_duplicate_detection,✅ AUDITED,duplicate-detection,MPG,10,Duplicate detection on MPG, no validator (expected)
smoke_format_mpg_emotion_detection,✅ AUDITED,emotion-detection,MPG,10,Emotion detection on MPG frames, no validator (expected)
smoke_format_mpg_face_detection,✅ AUDITED,face-detection,MPG,10,173 faces detected in MPEG2 video, landmarks=null (expected)
smoke_format_mpg_image_quality_assessment,✅ AUDITED,image-quality-assessment,MPG,10,Image quality assessed on keyframes, no validator (expected)
smoke_format_mpg_metadata_extraction,✅ AUDITED,metadata-extraction,MPG,10,Metadata extracted from MPG container, no validator (expected)
smoke_format_mpg_object_detection,✅ AUDITED,object-detection,MPG,10,No objects detected (valid for frames without objects)
smoke_format_mpg_ocr,✅ AUDITED,ocr,MPG,10,No text detected (valid for frames without text)
smoke_format_mpg_pose_estimation,✅ AUDITED,pose-estimation,MPG,10,Pose estimation on MPG frames, no validator (expected)
smoke_format_mpg_scene_detection,✅ AUDITED,scene-detection,MPG,10,Scene detection on MPG video, no validator (expected)
smoke_format_mpg_shot_classification,✅ AUDITED,shot-classification,MPG,10,Shot classification on MPG frames, no validator (expected)
smoke_format_mpg_smart_thumbnail,✅ AUDITED,smart-thumbnail,MPG,10,Smart thumbnail generated from MPG, no validator (expected)
smoke_format_mpg_vision_embeddings,✅ AUDITED,vision-embeddings,MPG,10,Vision embeddings computed for keyframes
smoke_format_mts,✅ AUDITED,keyframes,MTS,10,MTS/M2TS video format, keyframes extracted
smoke_format_mts_action_recognition,✅ AUDITED,action-recognition,MTS,10,Action recognition on MTS, no validator (expected)
smoke_format_mts_audio_extraction,✅ AUDITED,audio-extraction,MTS,10,Audio extracted from MTS successfully
smoke_format_mts_duplicate_detection,✅ AUDITED,duplicate-detection,MTS,10,Duplicate detection on MTS, no validator (expected)
smoke_format_mts_emotion_detection,✅ AUDITED,emotion-detection,MTS,10,Emotion detection on MTS, no validator (expected)
smoke_format_mts_face_detection,✅ AUDITED,face-detection,MTS,10,Face detection on MTS video
smoke_format_mts_image_quality_assessment,✅ AUDITED,image-quality-assessment,MTS,10,Image quality on MTS, no validator (expected)
smoke_format_mts_metadata_extraction,✅ AUDITED,metadata-extraction,MTS,10,Metadata from MTS, no validator (expected)
smoke_format_mts_object_detection,✅ AUDITED,object-detection,MTS,10,Object detection on MTS frames
smoke_format_mts_ocr,✅ AUDITED,ocr,MTS,10,OCR on MTS frames
smoke_format_mts_pose_estimation,✅ AUDITED,pose-estimation,MTS,10,Pose estimation on MTS, no validator (expected)
smoke_format_mts_scene_detection,✅ AUDITED,scene-detection,MTS,10,Scene detection on MTS, no validator (expected)
smoke_format_mts_shot_classification,✅ AUDITED,shot-classification,MTS,10,Shot classification on MTS, no validator (expected)
smoke_format_mts_smart_thumbnail,✅ AUDITED,smart-thumbnail,MTS,10,Smart thumbnail from MTS, no validator (expected)
smoke_format_mts_transcription,✅ AUDITED,transcription,MTS,10,Transcription from MTS audio
smoke_format_mts_vision_embeddings,✅ AUDITED,vision-embeddings,MTS,10,Vision embeddings from MTS keyframes
smoke_format_mxf,✅ AUDITED,keyframes,MXF,10,MXF professional video format, keyframes extracted
smoke_format_mxf_audio_extraction,✅ AUDITED,audio-extraction,MXF,10,Audio extracted from MXF successfully
smoke_format_mxf_metadata_extraction,✅ AUDITED,metadata-extraction,MXF,10,Metadata from MXF, no validator (expected)
smoke_format_mxf_transcription,✅ AUDITED,transcription,MXF,10,Transcription from MXF audio
smoke_format_ogg,✅ AUDITED,audio-extraction,OGG,10,OGG audio file, extraction successful
smoke_format_ogv,✅ AUDITED,keyframes,OGV,10,OGV/Ogg Video format, keyframes extracted
smoke_format_ogv_action_recognition,✅ AUDITED,action-recognition,OGV,10,Action Recognition on OGV, no validator expected for most
smoke_format_ogv_emotion_detection,✅ AUDITED,emotion-detection,OGV,10,Emotion Detection on OGV, no validator expected for most
smoke_format_ogv_face_detection,✅ AUDITED,face-detection,OGV,10,Face Detection on OGV, no validator expected for most
smoke_format_ogv_image_quality_assessment,✅ AUDITED,image-quality-assessment,OGV,10,Image Quality Assessment on OGV, no validator expected for most
smoke_format_ogv_metadata_extraction,✅ AUDITED,metadata-extraction,OGV,10,Metadata Extraction on OGV, no validator expected for most
smoke_format_ogv_object_detection,✅ AUDITED,object-detection,OGV,10,Object Detection on OGV, no validator expected for most
smoke_format_ogv_ocr,✅ AUDITED,ocr,OGV,10,Ocr on OGV, no validator expected for most
smoke_format_ogv_pose_estimation,✅ AUDITED,pose-estimation,OGV,10,Pose Estimation on OGV, no validator expected for most
smoke_format_ogv_scene_detection,✅ AUDITED,scene-detection,OGV,10,Scene Detection on OGV, no validator expected for most
smoke_format_ogv_shot_classification,✅ AUDITED,shot-classification,OGV,10,Shot Classification on OGV, no validator expected for most
smoke_format_ogv_smart_thumbnail,✅ AUDITED,smart-thumbnail,OGV,10,Smart Thumbnail on OGV, no validator expected for most
smoke_format_ogv_vision_embeddings,✅ AUDITED,vision-embeddings,OGV,10,Vision Embeddings on OGV, no validator expected for most
smoke_format_opus,✅ AUDITED,audio-extraction,OPUS,10,OPUS audio format, extraction successful
smoke_format_png_duplicate_detection,✅ AUDITED,duplicate-detection,PNG,10,Duplicate detection on PNG, no validator (expected)
smoke_format_png_face_detection,✅ AUDITED,face-detection,PNG,10,Face detection on PNG image
smoke_format_png_image_quality_assessment,✅ AUDITED,image-quality-assessment,PNG,10,Image quality on PNG, no validator (expected)
smoke_format_png_object_detection,✅ AUDITED,object-detection,PNG,10,Object detection on PNG image
smoke_format_png_ocr,✅ AUDITED,ocr,PNG,10,OCR on PNG image
smoke_format_png_pose_estimation,✅ AUDITED,pose-estimation,PNG,10,Pose estimation on PNG, no validator (expected)
smoke_format_png_shot_classification,✅ AUDITED,shot-classification,PNG,10,Shot classification on PNG, no validator (expected)
smoke_format_png_vision_embeddings,✅ AUDITED,vision-embeddings,PNG,10,Vision embeddings for PNG image
smoke_format_ts,✅ AUDITED,keyframes,TS,10,MPEG-TS transport stream, keyframes extracted
smoke_format_ts_action_recognition,✅ AUDITED,action-recognition,TS,10,Action Recognition on TS
smoke_format_ts_audio_extraction,✅ AUDITED,audio-extraction,TS,10,Audio Extraction on TS
smoke_format_ts_duplicate_detection,✅ AUDITED,duplicate-detection,TS,10,Duplicate Detection on TS
smoke_format_ts_emotion_detection,✅ AUDITED,emotion-detection,TS,10,Emotion Detection on TS
smoke_format_ts_face_detection,✅ AUDITED,face-detection,TS,10,Face Detection on TS
smoke_format_ts_image_quality_assessment,✅ AUDITED,image-quality-assessment,TS,10,Image Quality Assessment on TS
smoke_format_ts_metadata_extraction,✅ AUDITED,metadata-extraction,TS,10,Metadata Extraction on TS
smoke_format_ts_object_detection,✅ AUDITED,object-detection,TS,10,Object Detection on TS
smoke_format_ts_ocr,✅ AUDITED,ocr,TS,10,Ocr on TS
smoke_format_ts_pose_estimation,✅ AUDITED,pose-estimation,TS,10,Pose Estimation on TS
smoke_format_ts_scene_detection,✅ AUDITED,scene-detection,TS,10,Scene Detection on TS
smoke_format_ts_shot_classification,✅ AUDITED,shot-classification,TS,10,Shot Classification on TS
smoke_format_ts_smart_thumbnail,✅ AUDITED,smart-thumbnail,TS,10,Smart Thumbnail on TS
smoke_format_ts_transcription,✅ AUDITED,transcription,TS,10,Transcription on TS
smoke_format_ts_vision_embeddings,✅ AUDITED,vision-embeddings,TS,10,Vision Embeddings on TS
smoke_format_tta_acoustic_scene_classification,✅ AUDITED,acoustic-scene-classification,TTA,10,Acoustic Scene Classification on TTA audio format
smoke_format_tta_audio_classification,✅ AUDITED,audio-classification,TTA,10,Audio Classification on TTA audio format
smoke_format_tta_audio_embeddings,✅ AUDITED,audio-embeddings,TTA,10,Audio Embeddings on TTA audio format
smoke_format_tta_audio_enhancement_metadata,✅ AUDITED,audio-enhancement-metadata,TTA,10,Audio Enhancement Metadata on TTA audio format
smoke_format_tta_audio_extraction,✅ AUDITED,audio-extraction,TTA,10,Audio Extraction on TTA audio format
smoke_format_tta_diarization,✅ AUDITED,diarization,TTA,10,Diarization on TTA audio format
smoke_format_tta_transcription,✅ AUDITED,transcription,TTA,10,Transcription on TTA audio format
smoke_format_tta_voice_activity_detection,✅ AUDITED,voice-activity-detection,TTA,10,Voice Activity Detection on TTA audio format
smoke_format_wav,✅ AUDITED,audio-extraction,WAV,10,WAV audio file, extraction successful
smoke_format_webm,✅ AUDITED,keyframes,WEBM,10,WebM video, keyframes extracted correctly
smoke_format_webm_action_recognition,✅ AUDITED,action-recognition,WEBM,10,Action recognition on WebM, no validator (expected)
smoke_format_webm_audio_extraction,✅ AUDITED,audio-extraction,WEBM,10,Audio extracted from WebM container successfully
smoke_format_webm_duplicate_detection,✅ AUDITED,duplicate-detection,WEBM,10,Duplicate detection on WebM, no validator (expected)
smoke_format_webm_emotion_detection,✅ AUDITED,emotion-detection,WEBM,10,Emotion detection on WebM frames, no validator (expected)
smoke_format_webm_face_detection,✅ AUDITED,face-detection,WEBM,10,Face detection on WebM video
smoke_format_webm_image_quality_assessment,✅ AUDITED,image-quality-assessment,WEBM,10,Image quality on WebM keyframes, no validator (expected)
smoke_format_webm_metadata_extraction,✅ AUDITED,metadata-extraction,WEBM,10,Metadata extracted from WebM, no validator (expected)
smoke_format_webm_object_detection,✅ AUDITED,object-detection,WEBM,10,Object detection on WebM frames
smoke_format_webm_ocr,✅ AUDITED,ocr,WEBM,10,OCR on WebM frames
smoke_format_webm_pose_estimation,✅ AUDITED,pose-estimation,WEBM,10,Pose estimation on WebM, no validator (expected)
smoke_format_webm_scene_detection,✅ AUDITED,scene-detection,WEBM,10,Scene detection on WebM, no validator (expected)
smoke_format_webm_shot_classification,✅ AUDITED,shot-classification,WEBM,10,Shot classification on WebM, no validator (expected)
smoke_format_webm_smart_thumbnail,✅ AUDITED,smart-thumbnail,WEBM,10,Smart thumbnail from WebM, no validator (expected)
smoke_format_webm_transcription,✅ AUDITED,transcription,WEBM,10,Audio transcribed from WebM successfully
smoke_format_webm_vision_embeddings,✅ AUDITED,vision-embeddings,WEBM,10,Vision embeddings for WebM keyframes
smoke_format_webp_duplicate_detection,✅ AUDITED,duplicate-detection,WEBP,10,Duplicate detection on WEBP, no validator (expected)
smoke_format_webp_face_detection,✅ AUDITED,face-detection,WEBP,10,Face detection on WEBP image
smoke_format_webp_image_quality_assessment,✅ AUDITED,image-quality-assessment,WEBP,10,Image quality on WEBP, no validator (expected)
smoke_format_webp_object_detection,✅ AUDITED,object-detection,WEBP,10,Object detection on WEBP image
smoke_format_webp_ocr,✅ AUDITED,ocr,WEBP,10,OCR on WEBP image
smoke_format_webp_pose_estimation,✅ AUDITED,pose-estimation,WEBP,10,Pose estimation on WEBP, no validator (expected)
smoke_format_webp_shot_classification,✅ AUDITED,shot-classification,WEBP,10,Shot classification on WEBP, no validator (expected)
smoke_format_webp_vision_embeddings,✅ AUDITED,vision-embeddings,WEBP,10,Vision embeddings for WEBP image
smoke_format_wma_acoustic_scene_classification,✅ AUDITED,acoustic-scene-classification,WMA,10,Acoustic Scene Classification on WMA audio format
smoke_format_wma_audio_classification,✅ AUDITED,audio-classification,WMA,10,Audio Classification on WMA audio format
smoke_format_wma_audio_embeddings,✅ AUDITED,audio-embeddings,WMA,10,Audio Embeddings on WMA audio format
smoke_format_wma_audio_enhancement_metadata,✅ AUDITED,audio-enhancement-metadata,WMA,10,Audio Enhancement Metadata on WMA audio format
smoke_format_wma_audio_extraction,✅ AUDITED,audio-extraction,WMA,10,Audio Extraction on WMA audio format
smoke_format_wma_diarization,✅ AUDITED,diarization,WMA,10,Diarization on WMA audio format
smoke_format_wma_transcription,✅ AUDITED,transcription,WMA,10,Transcription on WMA audio format
smoke_format_wma_voice_activity_detection,✅ AUDITED,voice-activity-detection,WMA,10,Voice Activity Detection on WMA audio format
smoke_format_wmv,✅ AUDITED,keyframes,WMV,10,Windows Media Video format, keyframes extracted
smoke_format_wmv_action_recognition,✅ AUDITED,action-recognition,WMV,10,Action Recognition on WMV
smoke_format_wmv_audio_extraction,✅ AUDITED,audio-extraction,WMV,10,Audio Extraction on WMV
smoke_format_wmv_emotion_detection,✅ AUDITED,emotion-detection,WMV,10,Emotion Detection on WMV
smoke_format_wmv_face_detection,✅ AUDITED,face-detection,WMV,10,Face Detection on WMV
smoke_format_wmv_image_quality_assessment,✅ AUDITED,image-quality-assessment,WMV,10,Image Quality Assessment on WMV
smoke_format_wmv_metadata_extraction,✅ AUDITED,metadata-extraction,WMV,10,Metadata Extraction on WMV
smoke_format_wmv_object_detection,✅ AUDITED,object-detection,WMV,10,Object Detection on WMV
smoke_format_wmv_ocr,✅ AUDITED,ocr,WMV,10,Ocr on WMV
smoke_format_wmv_pose_estimation,✅ AUDITED,pose-estimation,WMV,10,Pose Estimation on WMV
smoke_format_wmv_scene_detection,✅ AUDITED,scene-detection,WMV,10,Scene Detection on WMV
smoke_format_wmv_shot_classification,✅ AUDITED,shot-classification,WMV,10,Shot Classification on WMV
smoke_format_wmv_smart_thumbnail,✅ AUDITED,smart-thumbnail,WMV,10,Smart Thumbnail on WMV
smoke_format_wmv_transcription,✅ AUDITED,transcription,WMV,10,Transcription on WMV
smoke_format_wmv_vision_embeddings,✅ AUDITED,vision-embeddings,WMV,10,Vision Embeddings on WMV
smoke_long_video_56min,✅ AUDITED,keyframes,long-video,10,56-minute long video processing test
smoke_long_video_7min,✅ AUDITED,keyframes,long-video,10,7-minute long video processing test
smoke_mode_bulk,✅ AUDITED,bulk-mode,mode,10,Bulk processing mode test
smoke_mode_debug,✅ AUDITED,debug-mode,mode,10,Debug mode output test
smoke_mode_fast,✅ AUDITED,fast-mode,mode,10,Fast processing mode test
smoke_mode_fast_keyframes_detect,✅ AUDITED,fast-keyframes,mode,10,Fast keyframe detection mode test
smoke_plugin_acoustic_scene_classification,✅ AUDITED,acoustic-scene-classification,plugin,10,Plugin system test for acoustic scene classification
smoke_plugin_action_recognition,✅ AUDITED,action-recognition,plugin,10,Plugin system test for action recognition
smoke_plugin_audio_classification,✅ AUDITED,audio-classification,plugin,10,Plugin system test for audio classification
smoke_plugin_audio_embeddings,✅ AUDITED,audio-embeddings,plugin,10,Plugin system test for audio embeddings
smoke_plugin_audio_enhancement,✅ AUDITED,audio-enhancement,plugin,10,Plugin system test for audio enhancement
smoke_plugin_audio_extraction,✅ AUDITED,audio-extraction,plugin,10,Plugin system test for audio extraction
smoke_plugin_diarization,✅ AUDITED,diarization,plugin,10,Plugin system test for diarization
smoke_plugin_duplicate_detection,✅ AUDITED,duplicate-detection,plugin,10,Plugin system test for duplicate detection
smoke_plugin_emotion_detection,✅ AUDITED,emotion-detection,plugin,10,Plugin system test for emotion detection
smoke_plugin_face_detection,✅ AUDITED,face-detection,plugin,10,Plugin system test for face detection
smoke_plugin_format_conversion,✅ AUDITED,format-conversion,plugin,10,Plugin system test for format conversion
smoke_plugin_image_quality,✅ AUDITED,image-quality,plugin,10,Plugin system test for image quality
smoke_plugin_keyframes,✅ AUDITED,keyframes,plugin,10,Plugin system test for keyframes
smoke_plugin_metadata_extraction,✅ AUDITED,metadata-extraction,plugin,10,Plugin system test for metadata extraction
smoke_plugin_object_detection,✅ AUDITED,object-detection,plugin,10,Plugin system test for object detection
smoke_plugin_ocr,✅ AUDITED,ocr,plugin,10,Plugin system test for ocr
smoke_plugin_pose_estimation,✅ AUDITED,pose-estimation,plugin,10,Plugin system test for pose estimation
smoke_plugin_scene_detection,✅ AUDITED,scene-detection,plugin,10,Plugin system test for scene detection
smoke_plugin_shot_classification,✅ AUDITED,shot-classification,plugin,10,Plugin system test for shot classification
smoke_plugin_smart_thumbnail,✅ AUDITED,smart-thumbnail,plugin,10,Plugin system test for smart thumbnail
smoke_plugin_subtitle_extraction,✅ AUDITED,subtitle-extraction,plugin,10,Plugin system test for subtitle extraction
smoke_plugin_text_embeddings,✅ AUDITED,text-embeddings,plugin,10,Plugin system test for text embeddings
smoke_plugin_transcription,✅ AUDITED,transcription,plugin,10,Plugin system test for transcription
smoke_plugin_vision_embeddings,✅ AUDITED,vision-embeddings,plugin,10,Plugin system test for vision embeddings
smoke_plugin_voice_activity_detection,✅ AUDITED,voice-activity-detection,plugin,10,Plugin system test for voice activity detection
smoke_wikimedia_flac_transcription,✅ AUDITED,transcription,wikimedia-flac,10,Wikimedia FLAC transcription test
smoke_wikimedia_jpg_face_detection,✅ AUDITED,face-detection,wikimedia-jpg,10,Wikimedia JPG face detection test
smoke_wikimedia_jpg_object_detection,✅ AUDITED,object-detection,wikimedia-jpg,10,Wikimedia JPG object detection test
smoke_wikimedia_jpg_ocr,✅ AUDITED,ocr,wikimedia-jpg,10,Wikimedia JPG OCR test
smoke_wikimedia_png_vision_embeddings,✅ AUDITED,vision-embeddings,wikimedia-png,10,Wikimedia PNG vision embeddings test
smoke_wikimedia_wav_audio_embeddings,✅ AUDITED,audio-embeddings,wikimedia-wav,10,Wikimedia WAV audio embeddings test
smoke_wikimedia_wav_transcription,✅ AUDITED,transcription,wikimedia-wav,10,Wikimedia WAV transcription test
smoke_wikimedia_webm_keyframes,✅ AUDITED,keyframes,wikimedia-webm,10,Wikimedia WebM keyframes test
smoke_wikimedia_webm_scene_detection,✅ AUDITED,scene-detection,wikimedia-webm,10,Wikimedia WebM scene detection test
